{
  "aggregate": {
    "cagr": {
      "max": 0.6175881163741028,
      "mean": 0.24787647651942912,
      "median": 0.22103443561030134,
      "min": 0.03459706755982572,
      "p25": 0.1386803619790914,
      "p75": 0.2665904587975919
    },
    "daily_sharpe": {
      "max": 3.7528286772645254,
      "mean": 1.572362484561972,
      "median": 1.5682693456900214,
      "min": 0.27969542353316834,
      "p25": 0.7692777027349269,
      "p75": 1.7136910565056545
    },
    "expectancy_per_trade": {
      "max": 126.62640861521857,
      "mean": 58.249388774516746,
      "median": 56.69575002354118,
      "min": 8.65029948941586,
      "p25": 38.31215546098134,
      "p75": 65.656812922327
    },
    "folds": 6,
    "max_drawdown_pct": {
      "max": -4.19429686563838,
      "mean": -9.602206490838524,
      "median": -6.880049882449052,
      "min": -19.921560930802208,
      "p25": -12.656419977520198,
      "p75": -5.586566001473667
    },
    "pct_folds_positive_return": 100.0,
    "total_return_pct": {
      "max": 26.929827763800994,
      "mean": 11.397891581814578,
      "median": 10.589356921267058,
      "min": 1.71020833165052,
      "p25": 6.746357961289062,
      "p75": 12.47477016402085
    },
    "total_trades": {
      "max": 21.0,
      "mean": 18.0,
      "median": 18.0,
      "min": 14.0,
      "p25": 16.25,
      "p75": 20.5
    },
    "win_rate_pct": {
      "max": 80.95238095238095,
      "mean": 73.70217823971694,
      "median": 73.80952380952381,
      "min": 68.42105263157895,
      "p25": 69.41964285714286,
      "p75": 76.40056022408963
    }
  },
  "generated_utc": "2026-02-13T17:43:48.068300+00:00",
  "git": {
    "branch": "main",
    "commit": "f3c1c46db4b2dc09cba70ac3246a273465f260ec",
    "dirty": true
  },
  "inputs": {
    "config_path": "C:\\Users\\wrodr\\Documents\\GitHub\\crypto-orb-research\\config.yaml",
    "config_sha256": "aad896bd178f77e49b4c4bf1f73e9ebd4dc19e454d2a632a9d6f7b8ed1976f1a",
    "data_path": "C:\\Users\\wrodr\\Documents\\GitHub\\crypto-orb-research\\data\\processed\\SOLUSDT_30m.parquet",
    "data_sha256": "b2dce487c161167b031d52b37c7e31ff4f2a884d5591a786686e28a8cf66658a",
    "valid_days_path": "C:\\Users\\wrodr\\Documents\\GitHub\\crypto-orb-research\\data\\processed\\valid_days.csv",
    "valid_days_sha256": "c3593b3dad070b7835c599ada7d6972615f4999a4e53efe21479315864df21d6"
  },
  "outputs": {
    "folds_csv": "C:\\Users\\wrodr\\Documents\\GitHub\\crypto-orb-research\\reports\\walk_forward\\walk_forward_folds.csv",
    "folds_dir": "C:\\Users\\wrodr\\Documents\\GitHub\\crypto-orb-research\\reports\\walk_forward\\folds"
  },
  "params": {
    "delay_bars": 1,
    "end": "",
    "engine": "futures",
    "fee_mult": 1.0,
    "funding_per_8h": 0.0001,
    "leverage": 1.0,
    "mmr": 0.005,
    "slippage_bps": 0.0,
    "start": "",
    "step_months": 6,
    "test_months": 6,
    "train_months": 24,
    "tune_adx_threshold": []
  },
  "platform": {
    "platform": "Windows-10-10.0.19045-SP0"
  },
  "python": {
    "executable": "C:\\Users\\wrodr\\Documents\\GitHub\\crypto-orb-research\\.venv\\Scripts\\python.exe",
    "version": "3.9.13 (tags/v3.9.13:6de2ca5, May 17 2022, 16:36:42) [MSC v.1929 64 bit (AMD64)]"
  }
}