{
  "best": {
    "adx_threshold": 43.0,
    "avg_loss": -700.942284445157,
    "avg_win": 366.9183963555015,
    "cagr": 0.2590650238845227,
    "daily_sharpe": 1.3652360059799857,
    "expectancy_per_trade": 132.50995422852768,
    "final_equity": 32284.994941563767,
    "initial_capital": 10000.0,
    "liquidations": 0,
    "losing_trades": 36,
    "max_drawdown_pct": -19.921560930802183,
    "orb_cutoff": "14:00",
    "orb_end": "14:00",
    "orb_start": "13:30",
    "scenario_id": "adx43_orb1330",
    "signals_total": 166,
    "total_fees": 3230.5454238696557,
    "total_funding": -553.3624480852155,
    "total_pnl_net": 21731.632493478537,
    "total_return_pct": 222.8499494156377,
    "total_trades": 164,
    "win_rate_pct": 78.04878048780488,
    "winning_trades": 128
  },
  "generated_utc": "2026-02-13T19:06:26.157694+00:00",
  "median": {
    "adx_threshold": 38.0,
    "avg_loss": -416.1905339425808,
    "avg_win": 214.91752094959983,
    "cagr": 0.08083482785431162,
    "daily_sharpe": 0.5044125420787322,
    "expectancy_per_trade": 18.175333796976687,
    "final_equity": 14850.891361332498,
    "initial_capital": 10000.0,
    "liquidations": 0,
    "losing_trades": 77,
    "max_drawdown_pct": -25.74251145311187,
    "orb_cutoff": "14:00",
    "orb_end": "14:00",
    "orb_start": "13:30",
    "scenario_id": "adx38_orb1330",
    "signals_total": 249,
    "total_fees": 2820.9670474581644,
    "total_funding": -361.58391347926664,
    "total_pnl_net": 4489.307447853242,
    "total_return_pct": 48.50891361332499,
    "total_trades": 247,
    "win_rate_pct": 68.82591093117408,
    "winning_trades": 170
  },
  "notes": {
    "interpretation": "If 'best' is much better than 'median' and 'worst', you may be overfitting/cherry-picking. We want a strong median and not-too-bad worst."
  },
  "objective": "daily_sharpe",
  "scenario_count": 15,
  "worst": {
    "adx_threshold": 55.0,
    "avg_loss": -366.0833066180826,
    "avg_win": 179.36136253057444,
    "cagr": -0.0007349574466022357,
    "daily_sharpe": 0.02309617296722309,
    "expectancy_per_trade": -2.4535271856445737,
    "final_equity": 9962.664743167288,
    "initial_capital": 10000.0,
    "liquidations": 0,
    "losing_trades": 12,
    "max_drawdown_pct": -13.317954900596174,
    "orb_cutoff": "14:30",
    "orb_end": "14:30",
    "orb_start": "14:00",
    "scenario_id": "adx55_orb1400",
    "signals_total": 36,
    "total_fees": 342.66426543136356,
    "total_funding": -50.991721850485476,
    "total_pnl_net": -88.32697868320466,
    "total_return_pct": -0.37335256832712327,
    "total_trades": 36,
    "win_rate_pct": 66.66666666666666,
    "winning_trades": 24
  }
}