{"Average Loss":-554.0724007429437,"Average Return %":0.7037101240874485,"Average Win":373.42030682329033,"Avg Fees/Trade":17.440928512805133,"Fee Impact on P&L":1894.3369388723004,"Fees % of Capital":38.02122415791517,"Final Capital":34775.77166415025,"Initial Capital":10000.0,"Losing Trades":59,"Max Drawdown %":-22.484145851195013,"Total Fees Paid":3802.122415791517,"Total P&L Gross":28577.89407994176,"Total P&L Net":26683.55714106946,"Total Return %":247.7577166415025,"Total Trades":218,"Win Rate %":72.93577981651376,"Winning Trades":159}