{"Average Loss":-683.4138602948682,"Average Return %":0.8210115130931053,"Average Win":372.813657478273,"Avg Fees/Trade":19.503432637129535,"Fee Impact on P&L":1592.7025232098458,"Fees % of Capital":31.985629524892445,"Final Capital":31511.3887573243,"Initial Capital":10000.0,"Losing Trades":36,"Max Drawdown %":-19.983115737262462,"Total Fees Paid":3198.5629524892443,"Total P&L Gross":24709.951709813533,"Total P&L Net":23117.249186603687,"Total Return %":215.113887573243,"Total Trades":164,"Win Rate %":78.04878048780488,"Winning Trades":128}