{"Average Loss":-700.942284445157,"Average Win":366.9183963555015,"Final Equity":32284.994941563767,"Initial Capital":10000.0,"Liquidations":0,"Losing Trades":36,"Max Drawdown %":-19.921560930802183,"Total Fees Paid":3230.5454238696557,"Total Funding Paid":-553.3624480852155,"Total P&L Net":21731.632493478537,"Total Return %":222.8499494156377,"Total Trades":164,"Win Rate %":78.04878048780488,"Winning Trades":128}