{"Average Loss":-683.4327550698031,"Average Return %":0.8215227597588878,"Average Win":373.0287149983802,"Avg Fees/Trade":19.514894115890648,"Fee Impact on P&L":1593.6351827599647,"Fees % of Capital":32.00442635006066,"Final Capital":31537.288885033642,"Initial Capital":10000.0,"Losing Trades":36,"Max Drawdown %":-19.98311573726246,"Total Fees Paid":3200.442635006066,"Total P&L Gross":24737.731520039728,"Total P&L Net":23144.096337279763,"Total Return %":215.37288885033644,"Total Trades":164,"Win Rate %":78.04878048780488,"Winning Trades":128}