{
  "folds": 6,
  "test_daily_sharpe_mean": 1.572362484561972,
  "test_daily_sharpe_median": 1.5682693456900214,
  "test_max_drawdown_pct_worst": -19.921560930802208,
  "test_total_return_pct_mean": 11.397891581814578,
  "test_total_return_pct_median": 10.589356921267058
}