benchmark,initial_capital,final_equity,total_return_pct,cagr,max_drawdown_pct,daily_sharpe,total_trades,winning_trades,losing_trades,win_rate_pct,avg_win,avg_loss,total_pnl_net,expectancy_per_trade,total_fees,total_funding,liquidations
always_long,10000.0,662111.0217216412,6521.110217216412,1.2799142016803082,-97.37062595096486,1.2564395635140426,1,1,0,100.0,661770.4662107803,0.0,661770.4662107803,661770.4662107803,340.5555108608206,350058.20883279835,0
always_short,10000.0,1.091223974452863e-05,-99.9999998908776,-0.9826846865494114,-99.99999994821187,-1.1168896493934928,8,1,7,12.5,3.015533785313215e-06,-1428.5714276599535,-9999.999990604141,-1249.9999988255177,14.94454830740652,-33.450477078393185,7
cash,10000.0,10000.0,0.0,0.0,0.0,0.0,0,0,0,0.0,0.0,0.0,0.0,0.0,0.0,0.0,0
ma_trend,10000.0,1392.579023651846,-86.07420976348155,-0.32124827032075154,-99.13200055623244,0.21548284331473946,13,5,8,38.46153846153847,14411.446537113967,-9695.917676120718,-5510.108723395916,-423.85451718430124,204.3561390045921,2705.7018983437515,1
